slope_deg,speed_mps,normal_total_N,normal_per_wheel_N,sinkage_m,contact_length_m,contact_area_per_wheel_m2,compression_per_wheel_N,compression_total_N,rolling_total_N,bulldozing_per_front_wheel_N,bulldozing_total_N,gravity_grade_N,viscous_speed_N,quadratic_speed_N,total_no_grade_N,total_with_grade_N,power_no_grade_W,power_with_grade_W,resistance_torque_per_drive_wheel_Nm,max_motor_force_total_N,smooth_traction_per_wheel_N,smooth_traction_total_N,grouser_traction_per_wheel_N,grouser_traction_total_N,traction_margin_smooth_N,traction_margin_grouser_N
0.0,0.01,136.08,34.02,0.010168969362728464,0.056096329906384454,0.006058403629889521,4.65128904674695,18.6051561869878,4.0824,20.428305217377194,40.85661043475439,0.0,0.0,0.0,63.544166621742185,63.544166621742185,0.6354416662174218,0.6354416662174218,2.4305643732816384,261.437908496732,6.358097378598886,25.432389514395545,6.358097378598886,25.432389514395545,-38.11177710734664,-38.11177710734664
0.0,0.017368421052631578,136.08,34.02,0.010168969362728464,0.056096329906384454,0.006058403629889521,4.65128904674695,18.6051561869878,4.0824,20.428305217377194,40.85661043475439,0.0,0.0,0.0,63.544166621742185,63.544166621742185,1.103661841324996,1.103661841324996,2.4305643732816384,261.437908496732,6.358097378598886,25.432389514395545,6.358097378598886,25.432389514395545,-38.11177710734664,-38.11177710734664
0.0,0.024736842105263154,136.08,34.02,0.010168969362728464,0.056096329906384454,0.006058403629889521,4.65128904674695,18.6051561869878,4.0824,20.428305217377194,40.85661043475439,0.0,0.0,0.0,63.544166621742185,63.544166621742185,1.5718820164325695,1.5718820164325695,2.4305643732816384,261.437908496732,6.358097378598886,25.432389514395545,6.358097378598886,25.432389514395545,-38.11177710734664,-38.11177710734664
0.0,0.032105263157894734,136.08,34.02,0.010168969362728464,0.056096329906384454,0.006058403629889521,4.65128904674695,18.6051561869878,4.0824,20.428305217377194,40.85661043475439,0.0,0.0,0.0,63.544166621742185,63.544166621742185,2.040102191540144,2.040102191540144,2.4305643732816384,261.437908496732,6.358097378598886,25.432389514395545,6.358097378598886,25.432389514395545,-38.11177710734664,-38.11177710734664
0.0,0.039473684210526314,136.08,34.02,0.010168969362728464,0.056096329906384454,0.006058403629889521,4.65128904674695,18.6051561869878,4.0824,20.428305217377194,40.85661043475439,0.0,0.0,0.0,63.544166621742185,63.544166621742185,2.5083223666477177,2.5083223666477177,2.4305643732816384,261.437908496732,6.358097378598886,25.432389514395545,6.358097378598886,25.432389514395545,-38.11177710734664,-38.11177710734664
0.0,0.04684210526315789,136.08,34.02,0.010168969362728464,0.056096329906384454,0.006058403629889521,4.65128904674695,18.6051561869878,4.0824,20.428305217377194,40.85661043475439,0.0,0.0,0.0,63.544166621742185,63.544166621742185,2.9765425417552915,2.9765425417552915,2.4305643732816384,261.437908496732,6.358097378598886,25.432389514395545,6.358097378598886,25.432389514395545,-38.11177710734664,-38.11177710734664
0.0,0.054210526315789466,136.08,34.02,0.010168969362728464,0.056096329906384454,0.006058403629889521,4.65128904674695,18.6051561869878,4.0824,20.428305217377194,40.85661043475439,0.0,0.0,0.0,63.544166621742185,63.544166621742185,3.4447627168628654,3.4447627168628654,2.4305643732816384,261.437908496732,6.358097378598886,25.432389514395545,6.358097378598886,25.432389514395545,-38.11177710734664,-38.11177710734664
0.0,0.061578947368421046,136.08,34.02,0.010168969362728464,0.056096329906384454,0.006058403629889521,4.65128904674695,18.6051561869878,4.0824,20.428305217377194,40.85661043475439,0.0,0.0,0.0,63.544166621742185,63.544166621742185,3.9129828919704392,3.9129828919704392,2.4305643732816384,261.437908496732,6.358097378598886,25.432389514395545,6.358097378598886,25.432389514395545,-38.11177710734664,-38.11177710734664
0.0,0.06894736842105262,136.08,34.02,0.010168969362728464,0.056096329906384454,0.006058403629889521,4.65128904674695,18.6051561869878,4.0824,20.428305217377194,40.85661043475439,0.0,0.0,0.0,63.544166621742185,63.544166621742185,4.381203067078013,4.381203067078013,2.4305643732816384,261.437908496732,6.358097378598886,25.432389514395545,6.358097378598886,25.432389514395545,-38.11177710734664,-38.11177710734664
0.0,0.0763157894736842,136.08,34.02,0.010168969362728464,0.056096329906384454,0.006058403629889521,4.65128904674695,18.6051561869878,4.0824,20.428305217377194,40.85661043475439,0.0,0.0,0.0,63.544166621742185,63.544166621742185,4.849423242185587,4.849423242185587,2.4305643732816384,261.437908496732,6.358097378598886,25.432389514395545,6.358097378598886,25.432389514395545,-38.11177710734664,-38.11177710734664
0.0,0.08368421052631578,136.08,34.02,0.010168969362728464,0.056096329906384454,0.006058403629889521,4.65128904674695,18.6051561869878,4.0824,20.428305217377194,40.85661043475439,0.0,0.0,0.0,63.544166621742185,63.544166621742185,5.317643417293161,5.317643417293161,2.4305643732816384,261.437908496732,6.358097378598886,25.432389514395545,6.358097378598886,25.432389514395545,-38.11177710734664,-38.11177710734664
0.0,0.09105263157894736,136.08,34.02,0.010168969362728464,0.056096329906384454,0.006058403629889521,4.65128904674695,18.6051561869878,4.0824,20.428305217377194,40.85661043475439,0.0,0.0,0.0,63.544166621742185,63.544166621742185,5.7858635924007356,5.7858635924007356,2.4305643732816384,261.437908496732,6.358097378598886,25.432389514395545,6.358097378598886,25.432389514395545,-38.11177710734664,-38.11177710734664
0.0,0.09842105263157892,136.08,34.02,0.010168969362728464,0.056096329906384454,0.006058403629889521,4.65128904674695,18.6051561869878,4.0824,20.428305217377194,40.85661043475439,0.0,0.0,0.0,63.544166621742185,63.544166621742185,6.254083767508308,6.254083767508308,2.4305643732816384,261.437908496732,6.358097378598886,25.432389514395545,6.358097378598886,25.432389514395545,-38.11177710734664,-38.11177710734664
0.0,0.1057894736842105,136.08,34.02,0.010168969362728464,0.056096329906384454,0.006058403629889521,4.65128904674695,18.6051561869878,4.0824,20.428305217377194,40.85661043475439,0.0,0.0,0.0,63.544166621742185,63.544166621742185,6.722303942615882,6.722303942615882,2.4305643732816384,261.437908496732,6.358097378598886,25.432389514395545,6.358097378598886,25.432389514395545,-38.11177710734664,-38.11177710734664
0.0,0.11315789473684208,136.08,34.02,0.010168969362728464,0.056096329906384454,0.006058403629889521,4.65128904674695,18.6051561869878,4.0824,20.428305217377194,40.85661043475439,0.0,0.0,0.0,63.544166621742185,63.544166621742185,7.190524117723457,7.190524117723457,2.4305643732816384,261.437908496732,6.358097378598886,25.432389514395545,6.358097378598886,25.432389514395545,-38.11177710734664,-38.11177710734664
0.0,0.12052631578947366,136.08,34.02,0.010168969362728464,0.056096329906384454,0.006058403629889521,4.65128904674695,18.6051561869878,4.0824,20.428305217377194,40.85661043475439,0.0,0.0,0.0,63.544166621742185,63.544166621742185,7.65874429283103,7.65874429283103,2.4305643732816384,261.437908496732,6.358097378598886,25.432389514395545,6.358097378598886,25.432389514395545,-38.11177710734664,-38.11177710734664
0.0,0.12789473684210526,136.08,34.02,0.010168969362728464,0.056096329906384454,0.006058403629889521,4.65128904674695,18.6051561869878,4.0824,20.428305217377194,40.85661043475439,0.0,0.0,0.0,63.544166621742185,63.544166621742185,8.126964467938606,8.126964467938606,2.4305643732816384,261.437908496732,6.358097378598886,25.432389514395545,6.358097378598886,25.432389514395545,-38.11177710734664,-38.11177710734664
0.0,0.13526315789473684,136.08,34.02,0.010168969362728464,0.056096329906384454,0.006058403629889521,4.65128904674695,18.6051561869878,4.0824,20.428305217377194,40.85661043475439,0.0,0.0,0.0,63.544166621742185,63.544166621742185,8.59518464304618,8.59518464304618,2.4305643732816384,261.437908496732,6.358097378598886,25.432389514395545,6.358097378598886,25.432389514395545,-38.11177710734664,-38.11177710734664
0.0,0.14263157894736841,136.08,34.02,0.010168969362728464,0.056096329906384454,0.006058403629889521,4.65128904674695,18.6051561869878,4.0824,20.428305217377194,40.85661043475439,0.0,0.0,0.0,63.544166621742185,63.544166621742185,9.063404818153753,9.063404818153753,2.4305643732816384,261.437908496732,6.358097378598886,25.432389514395545,6.358097378598886,25.432389514395545,-38.11177710734664,-38.11177710734664
0.0,0.15,136.08,34.02,0.010168969362728464,0.056096329906384454,0.006058403629889521,4.65128904674695,18.6051561869878,4.0824,20.428305217377194,40.85661043475439,0.0,0.0,0.0,63.544166621742185,63.544166621742185,9.531624993261328,9.531624993261328,2.4305643732816384,261.437908496732,6.358097378598886,25.432389514395545,6.358097378598886,25.432389514395545,-38.11177710734664,-38.11177710734664
5.0,0.01,135.56217451632475,33.890543629081186,0.010143155641542593,0.0560242775626789,0.006050621976769322,4.627704614457705,18.51081845783082,4.066865235489742,20.387794293393117,40.775588586786235,11.860153473101324,0.0,0.0,63.35327228010679,75.21342575320811,0.633532722801068,0.7521342575320812,2.8769135350602104,261.437908496732,6.327951581706637,25.31180632682655,6.327951581706637,25.31180632682655,-49.901619426381565,-49.901619426381565
5.0,0.017368421052631578,135.56217451632475,33.890543629081186,0.010143155641542593,0.0560242775626789,0.006050621976769322,4.627704614457705,18.51081845783082,4.066865235489742,20.387794293393117,40.775588586786235,11.860153473101324,0.0,0.0,63.35327228010679,75.21342575320811,1.1003463080229074,1.3063384472925619,2.8769135350602104,261.437908496732,6.327951581706637,25.31180632682655,6.327951581706637,25.31180632682655,-49.901619426381565,-49.901619426381565
5.0,0.024736842105263154,135.56217451632475,33.890543629081186,0.010143155641542593,0.0560242775626789,0.006050621976769322,4.627704614457705,18.51081845783082,4.066865235489742,20.387794293393117,40.775588586786235,11.860153473101324,0.0,0.0,63.35327228010679,75.21342575320811,1.5671598932447468,1.8605426370530425,2.8769135350602104,261.437908496732,6.327951581706637,25.31180632682655,6.327951581706637,25.31180632682655,-49.901619426381565,-49.901619426381565
5.0,0.032105263157894734,135.56217451632475,33.890543629081186,0.010143155641542593,0.0560242775626789,0.006050621976769322,4.627704614457705,18.51081845783082,4.066865235489742,20.387794293393117,40.775588586786235,11.860153473101324,0.0,0.0,63.35327228010679,75.21342575320811,2.0339734784665864,2.4147468268135235,2.8769135350602104,261.437908496732,6.327951581706637,25.31180632682655,6.327951581706637,25.31180632682655,-49.901619426381565,-49.901619426381565
5.0,0.039473684210526314,135.56217451632475,33.890543629081186,0.010143155641542593,0.0560242775626789,0.006050621976769322,4.627704614457705,18.51081845783082,4.066865235489742,20.387794293393117,40.775588586786235,11.860153473101324,0.0,0.0,63.35327228010679,75.21342575320811,2.500787063688426,2.9689510165740045,2.8769135350602104,261.437908496732,6.327951581706637,25.31180632682655,6.327951581706637,25.31180632682655,-49.901619426381565,-49.901619426381565
5.0,0.04684210526315789,135.56217451632475,33.890543629081186,0.010143155641542593,0.0560242775626789,0.006050621976769322,4.627704614457705,18.51081845783082,4.066865235489742,20.387794293393117,40.775588586786235,11.860153473101324,0.0,0.0,63.35327228010679,75.21342575320811,2.9676006489102655,3.523155206334485,2.8769135350602104,261.437908496732,6.327951581706637,25.31180632682655,6.327951581706637,25.31180632682655,-49.901619426381565,-49.901619426381565
5.0,0.054210526315789466,135.56217451632475,33.890543629081186,0.010143155641542593,0.0560242775626789,0.006050621976769322,4.627704614457705,18.51081845783082,4.066865235489742,20.387794293393117,40.775588586786235,11.860153473101324,0.0,0.0,63.35327228010679,75.21342575320811,3.4344142341321047,4.077359396094965,2.8769135350602104,261.437908496732,6.327951581706637,25.31180632682655,6.327951581706637,25.31180632682655,-49.901619426381565,-49.901619426381565
5.0,0.061578947368421046,135.56217451632475,33.890543629081186,0.010143155641542593,0.0560242775626789,0.006050621976769322,4.627704614457705,18.51081845783082,4.066865235489742,20.387794293393117,40.775588586786235,11.860153473101324,0.0,0.0,63.35327228010679,75.21342575320811,3.9012278193539442,4.631563585855447,2.8769135350602104,261.437908496732,6.327951581706637,25.31180632682655,6.327951581706637,25.31180632682655,-49.901619426381565,-49.901619426381565
5.0,0.06894736842105262,135.56217451632475,33.890543629081186,0.010143155641542593,0.0560242775626789,0.006050621976769322,4.627704614457705,18.51081845783082,4.066865235489742,20.387794293393117,40.775588586786235,11.860153473101324,0.0,0.0,63.35327228010679,75.21342575320811,4.368041404575783,5.185767775615927,2.8769135350602104,261.437908496732,6.327951581706637,25.31180632682655,6.327951581706637,25.31180632682655,-49.901619426381565,-49.901619426381565
5.0,0.0763157894736842,135.56217451632475,33.890543629081186,0.010143155641542593,0.0560242775626789,0.006050621976769322,4.627704614457705,18.51081845783082,4.066865235489742,20.387794293393117,40.775588586786235,11.860153473101324,0.0,0.0,63.35327228010679,75.21342575320811,4.8348549897976225,5.739971965376408,2.8769135350602104,261.437908496732,6.327951581706637,25.31180632682655,6.327951581706637,25.31180632682655,-49.901619426381565,-49.901619426381565
5.0,0.08368421052631578,135.56217451632475,33.890543629081186,0.010143155641542593,0.0560242775626789,0.006050621976769322,4.627704614457705,18.51081845783082,4.066865235489742,20.387794293393117,40.775588586786235,11.860153473101324,0.0,0.0,63.35327228010679,75.21342575320811,5.3016685750194625,6.294176155136888,2.8769135350602104,261.437908496732,6.327951581706637,25.31180632682655,6.327951581706637,25.31180632682655,-49.901619426381565,-49.901619426381565
5.0,0.09105263157894736,135.56217451632475,33.890543629081186,0.010143155641542593,0.0560242775626789,0.006050621976769322,4.627704614457705,18.51081845783082,4.066865235489742,20.387794293393117,40.775588586786235,11.860153473101324,0.0,0.0,63.35327228010679,75.21342575320811,5.768482160241302,6.84838034489737,2.8769135350602104,261.437908496732,6.327951581706637,25.31180632682655,6.327951581706637,25.31180632682655,-49.901619426381565,-49.901619426381565
5.0,0.09842105263157892,135.56217451632475,33.890543629081186,0.010143155641542593,0.0560242775626789,0.006050621976769322,4.627704614457705,18.51081845783082,4.066865235489742,20.387794293393117,40.775588586786235,11.860153473101324,0.0,0.0,63.35327228010679,75.21342575320811,6.235295745463141,7.40258453465785,2.8769135350602104,261.437908496732,6.327951581706637,25.31180632682655,6.327951581706637,25.31180632682655,-49.901619426381565,-49.901619426381565
5.0,0.1057894736842105,135.56217451632475,33.890543629081186,0.010143155641542593,0.0560242775626789,0.006050621976769322,4.627704614457705,18.51081845783082,4.066865235489742,20.387794293393117,40.775588586786235,11.860153473101324,0.0,0.0,63.35327228010679,75.21342575320811,6.70210933068498,7.95678872441833,2.8769135350602104,261.437908496732,6.327951581706637,25.31180632682655,6.327951581706637,25.31180632682655,-49.901619426381565,-49.901619426381565
5.0,0.11315789473684208,135.56217451632475,33.890543629081186,0.010143155641542593,0.0560242775626789,0.006050621976769322,4.627704614457705,18.51081845783082,4.066865235489742,20.387794293393117,40.775588586786235,11.860153473101324,0.0,0.0,63.35327228010679,75.21342575320811,7.16892291590682,8.51099291417881,2.8769135350602104,261.437908496732,6.327951581706637,25.31180632682655,6.327951581706637,25.31180632682655,-49.901619426381565,-49.901619426381565
5.0,0.12052631578947366,135.56217451632475,33.890543629081186,0.010143155641542593,0.0560242775626789,0.006050621976769322,4.627704614457705,18.51081845783082,4.066865235489742,20.387794293393117,40.775588586786235,11.860153473101324,0.0,0.0,63.35327228010679,75.21342575320811,7.635736501128659,9.065197103939292,2.8769135350602104,261.437908496732,6.327951581706637,25.31180632682655,6.327951581706637,25.31180632682655,-49.901619426381565,-49.901619426381565
5.0,0.12789473684210526,135.56217451632475,33.890543629081186,0.010143155641542593,0.0560242775626789,0.006050621976769322,4.627704614457705,18.51081845783082,4.066865235489742,20.387794293393117,40.775588586786235,11.860153473101324,0.0,0.0,63.35327228010679,75.21342575320811,8.1025500863505,9.619401293699774,2.8769135350602104,261.437908496732,6.327951581706637,25.31180632682655,6.327951581706637,25.31180632682655,-49.901619426381565,-49.901619426381565
5.0,0.13526315789473684,135.56217451632475,33.890543629081186,0.010143155641542593,0.0560242775626789,0.006050621976769322,4.627704614457705,18.51081845783082,4.066865235489742,20.387794293393117,40.775588586786235,11.860153473101324,0.0,0.0,63.35327228010679,75.21342575320811,8.56936367157234,10.173605483460255,2.8769135350602104,261.437908496732,6.327951581706637,25.31180632682655,6.327951581706637,25.31180632682655,-49.901619426381565,-49.901619426381565
5.0,0.14263157894736841,135.56217451632475,33.890543629081186,0.010143155641542593,0.0560242775626789,0.006050621976769322,4.627704614457705,18.51081845783082,4.066865235489742,20.387794293393117,40.775588586786235,11.860153473101324,0.0,0.0,63.35327228010679,75.21342575320811,9.03617725679418,10.727809673220735,2.8769135350602104,261.437908496732,6.327951581706637,25.31180632682655,6.327951581706637,25.31180632682655,-49.901619426381565,-49.901619426381565
5.0,0.15,135.56217451632475,33.890543629081186,0.010143155641542593,0.0560242775626789,0.006050621976769322,4.627704614457705,18.51081845783082,4.066865235489742,20.387794293393117,40.775588586786235,11.860153473101324,0.0,0.0,63.35327228010679,75.21342575320811,9.502990842016018,11.282013862981216,2.8769135350602104,261.437908496732,6.327951581706637,25.31180632682655,6.327951581706637,25.31180632682655,-49.901619426381565,-49.901619426381565
10.0,0.01,134.01263902990127,33.503159757475316,0.01006571380751274,0.05580758570087907,0.0060272192556949395,4.557310378574769,18.229241514299076,4.020379170897038,20.26624503285431,40.53249006570862,23.630044016915882,0.0,0.0,62.782110750904735,86.41215476782062,0.6278211075090474,0.8641215476782063,3.305264919869139,261.437908496732,6.237913864325897,24.951655457303588,6.237913864325897,24.951655457303588,-61.46049931051704,-61.46049931051704
10.0,0.017368421052631578,134.01263902990127,33.503159757475316,0.01006571380751274,0.05580758570087907,0.0060272192556949395,4.557310378574769,18.229241514299076,4.020379170897038,20.26624503285431,40.53249006570862,23.630044016915882,0.0,0.0,62.782110750904735,86.41215476782062,1.090426134094661,1.500842688072674,3.305264919869139,261.437908496732,6.237913864325897,24.951655457303588,6.237913864325897,24.951655457303588,-61.46049931051704,-61.46049931051704
10.0,0.024736842105263154,134.01263902990127,33.503159757475316,0.01006571380751274,0.05580758570087907,0.0060272192556949395,4.557310378574769,18.229241514299076,4.020379170897038,20.26624503285431,40.53249006570862,23.630044016915882,0.0,0.0,62.782110750904735,86.41215476782062,1.5530311606802747,2.1375638284671417,3.305264919869139,261.437908496732,6.237913864325897,24.951655457303588,6.237913864325897,24.951655457303588,-61.46049931051704,-61.46049931051704
10.0,0.032105263157894734,134.01263902990127,33.503159757475316,0.01006571380751274,0.05580758570087907,0.0060272192556949395,4.557310378574769,18.229241514299076,4.020379170897038,20.26624503285431,40.53249006570862,23.630044016915882,0.0,0.0,62.782110750904735,86.41215476782062,2.015636187265889,2.7742849688616094,3.305264919869139,261.437908496732,6.237913864325897,24.951655457303588,6.237913864325897,24.951655457303588,-61.46049931051704,-61.46049931051704
10.0,0.039473684210526314,134.01263902990127,33.503159757475316,0.01006571380751274,0.05580758570087907,0.0060272192556949395,4.557310378574769,18.229241514299076,4.020379170897038,20.26624503285431,40.53249006570862,23.630044016915882,0.0,0.0,62.782110750904735,86.41215476782062,2.4782412138515024,3.411006109256077,3.305264919869139,261.437908496732,6.237913864325897,24.951655457303588,6.237913864325897,24.951655457303588,-61.46049931051704,-61.46049931051704
10.0,0.04684210526315789,134.01263902990127,33.503159757475316,0.01006571380751274,0.05580758570087907,0.0060272192556949395,4.557310378574769,18.229241514299076,4.020379170897038,20.26624503285431,40.53249006570862,23.630044016915882,0.0,0.0,62.782110750904735,86.41215476782062,2.9408462404371165,4.047727249650545,3.305264919869139,261.437908496732,6.237913864325897,24.951655457303588,6.237913864325897,24.951655457303588,-61.46049931051704,-61.46049931051704
10.0,0.054210526315789466,134.01263902990127,33.503159757475316,0.01006571380751274,0.05580758570087907,0.0060272192556949395,4.557310378574769,18.229241514299076,4.020379170897038,20.26624503285431,40.53249006570862,23.630044016915882,0.0,0.0,62.782110750904735,86.41215476782062,3.4034512670227297,4.684448390045012,3.305264919869139,261.437908496732,6.237913864325897,24.951655457303588,6.237913864325897,24.951655457303588,-61.46049931051704,-61.46049931051704
10.0,0.061578947368421046,134.01263902990127,33.503159757475316,0.01006571380751274,0.05580758570087907,0.0060272192556949395,4.557310378574769,18.229241514299076,4.020379170897038,20.26624503285431,40.53249006570862,23.630044016915882,0.0,0.0,62.782110750904735,86.41215476782062,3.866056293608344,5.32116953043948,3.305264919869139,261.437908496732,6.237913864325897,24.951655457303588,6.237913864325897,24.951655457303588,-61.46049931051704,-61.46049931051704
10.0,0.06894736842105262,134.01263902990127,33.503159757475316,0.01006571380751274,0.05580758570087907,0.0060272192556949395,4.557310378574769,18.229241514299076,4.020379170897038,20.26624503285431,40.53249006570862,23.630044016915882,0.0,0.0,62.782110750904735,86.41215476782062,4.328661320193957,5.957890670833947,3.305264919869139,261.437908496732,6.237913864325897,24.951655457303588,6.237913864325897,24.951655457303588,-61.46049931051704,-61.46049931051704
10.0,0.0763157894736842,134.01263902990127,33.503159757475316,0.01006571380751274,0.05580758570087907,0.0060272192556949395,4.557310378574769,18.229241514299076,4.020379170897038,20.26624503285431,40.53249006570862,23.630044016915882,0.0,0.0,62.782110750904735,86.41215476782062,4.7912663467795715,6.594611811228415,3.305264919869139,261.437908496732,6.237913864325897,24.951655457303588,6.237913864325897,24.951655457303588,-61.46049931051704,-61.46049931051704
10.0,0.08368421052631578,134.01263902990127,33.503159757475316,0.01006571380751274,0.05580758570087907,0.0060272192556949395,4.557310378574769,18.229241514299076,4.020379170897038,20.26624503285431,40.53249006570862,23.630044016915882,0.0,0.0,62.782110750904735,86.41215476782062,5.253871373365185,7.231332951622883,3.305264919869139,261.437908496732,6.237913864325897,24.951655457303588,6.237913864325897,24.951655457303588,-61.46049931051704,-61.46049931051704
10.0,0.09105263157894736,134.01263902990127,33.503159757475316,0.01006571380751274,0.05580758570087907,0.0060272192556949395,4.557310378574769,18.229241514299076,4.020379170897038,20.26624503285431,40.53249006570862,23.630044016915882,0.0,0.0,62.782110750904735,86.41215476782062,5.716476399950799,7.868054092017351,3.305264919869139,261.437908496732,6.237913864325897,24.951655457303588,6.237913864325897,24.951655457303588,-61.46049931051704,-61.46049931051704
10.0,0.09842105263157892,134.01263902990127,33.503159757475316,0.01006571380751274,0.05580758570087907,0.0060272192556949395,4.557310378574769,18.229241514299076,4.020379170897038,20.26624503285431,40.53249006570862,23.630044016915882,0.0,0.0,62.782110750904735,86.41215476782062,6.179081426536412,8.504775232411816,3.305264919869139,261.437908496732,6.237913864325897,24.951655457303588,6.237913864325897,24.951655457303588,-61.46049931051704,-61.46049931051704
10.0,0.1057894736842105,134.01263902990127,33.503159757475316,0.01006571380751274,0.05580758570087907,0.0060272192556949395,4.557310378574769,18.229241514299076,4.020379170897038,20.26624503285431,40.53249006570862,23.630044016915882,0.0,0.0,62.782110750904735,86.41215476782062,6.641686453122026,9.141496372806285,3.305264919869139,261.437908496732,6.237913864325897,24.951655457303588,6.237913864325897,24.951655457303588,-61.46049931051704,-61.46049931051704
10.0,0.11315789473684208,134.01263902990127,33.503159757475316,0.01006571380751274,0.05580758570087907,0.0060272192556949395,4.557310378574769,18.229241514299076,4.020379170897038,20.26624503285431,40.53249006570862,23.630044016915882,0.0,0.0,62.782110750904735,86.41215476782062,7.10429147970764,9.778217513200753,3.305264919869139,261.437908496732,6.237913864325897,24.951655457303588,6.237913864325897,24.951655457303588,-61.46049931051704,-61.46049931051704
10.0,0.12052631578947366,134.01263902990127,33.503159757475316,0.01006571380751274,0.05580758570087907,0.0060272192556949395,4.557310378574769,18.229241514299076,4.020379170897038,20.26624503285431,40.53249006570862,23.630044016915882,0.0,0.0,62.782110750904735,86.41215476782062,7.566896506293253,10.41493865359522,3.305264919869139,261.437908496732,6.237913864325897,24.951655457303588,6.237913864325897,24.951655457303588,-61.46049931051704,-61.46049931051704
10.0,0.12789473684210526,134.01263902990127,33.503159757475316,0.01006571380751274,0.05580758570087907,0.0060272192556949395,4.557310378574769,18.229241514299076,4.020379170897038,20.26624503285431,40.53249006570862,23.630044016915882,0.0,0.0,62.782110750904735,86.41215476782062,8.029501532878868,11.051659793989689,3.305264919869139,261.437908496732,6.237913864325897,24.951655457303588,6.237913864325897,24.951655457303588,-61.46049931051704,-61.46049931051704
10.0,0.13526315789473684,134.01263902990127,33.503159757475316,0.01006571380751274,0.05580758570087907,0.0060272192556949395,4.557310378574769,18.229241514299076,4.020379170897038,20.26624503285431,40.53249006570862,23.630044016915882,0.0,0.0,62.782110750904735,86.41215476782062,8.492106559464482,11.688380934384158,3.305264919869139,261.437908496732,6.237913864325897,24.951655457303588,6.237913864325897,24.951655457303588,-61.46049931051704,-61.46049931051704
10.0,0.14263157894736841,134.01263902990127,33.503159757475316,0.01006571380751274,0.05580758570087907,0.0060272192556949395,4.557310378574769,18.229241514299076,4.020379170897038,20.26624503285431,40.53249006570862,23.630044016915882,0.0,0.0,62.782110750904735,86.41215476782062,8.954711586050095,12.325102074778625,3.305264919869139,261.437908496732,6.237913864325897,24.951655457303588,6.237913864325897,24.951655457303588,-61.46049931051704,-61.46049931051704
10.0,0.15,134.01263902990127,33.503159757475316,0.01006571380751274,0.05580758570087907,0.0060272192556949395,4.557310378574769,18.229241514299076,4.020379170897038,20.26624503285431,40.53249006570862,23.630044016915882,0.0,0.0,62.782110750904735,86.41215476782062,9.41731661263571,12.961823215173093,3.305264919869139,261.437908496732,6.237913864325897,24.951655457303588,6.237913864325897,24.951655457303588,-61.46049931051704,-61.46049931051704
15.0,0.01,131.44318644141643,32.86079661035411,0.009936637753395983,0.055444617314824425,0.005988018670001038,4.441179907502799,17.764719630011196,3.943295593242493,20.063597743043225,40.12719548608645,35.22009565755103,0.0,0.0,61.83521070934014,97.05530636689116,0.6183521070934014,0.9705530636689116,3.7123654685335867,261.437908496732,6.089180223181786,24.356720892727143,6.089180223181786,24.356720892727143,-72.69858547416402,-72.69858547416402
15.0,0.017368421052631578,131.44318644141643,32.86079661035411,0.009936637753395983,0.055444617314824425,0.005988018670001038,4.441179907502799,17.764719630011196,3.943295593242493,20.063597743043225,40.12719548608645,35.22009565755103,0.0,0.0,61.83521070934014,97.05530636689116,1.0739799754780128,1.6856974263723201,3.7123654685335867,261.437908496732,6.089180223181786,24.356720892727143,6.089180223181786,24.356720892727143,-72.69858547416402,-72.69858547416402
15.0,0.024736842105263154,131.44318644141643,32.86079661035411,0.009936637753395983,0.055444617314824425,0.005988018670001038,4.441179907502799,17.764719630011196,3.943295593242493,20.063597743043225,40.12719548608645,35.22009565755103,0.0,0.0,61.83521070934014,97.05530636689116,1.5296078438626242,2.4008417890757285,3.7123654685335867,261.437908496732,6.089180223181786,24.356720892727143,6.089180223181786,24.356720892727143,-72.69858547416402,-72.69858547416402
15.0,0.032105263157894734,131.44318644141643,32.86079661035411,0.009936637753395983,0.055444617314824425,0.005988018670001038,4.441179907502799,17.764719630011196,3.943295593242493,20.063597743043225,40.12719548608645,35.22009565755103,0.0,0.0,61.83521070934014,97.05530636689116,1.985235712247236,3.1159861517791367,3.7123654685335867,261.437908496732,6.089180223181786,24.356720892727143,6.089180223181786,24.356720892727143,-72.69858547416402,-72.69858547416402
15.0,0.039473684210526314,131.44318644141643,32.86079661035411,0.009936637753395983,0.055444617314824425,0.005988018670001038,4.441179907502799,17.764719630011196,3.943295593242493,20.063597743043225,40.12719548608645,35.22009565755103,0.0,0.0,61.83521070934014,97.05530636689116,2.4408635806318473,3.8311305144825454,3.7123654685335867,261.437908496732,6.089180223181786,24.356720892727143,6.089180223181786,24.356720892727143,-72.69858547416402,-72.69858547416402
15.0,0.04684210526315789,131.44318644141643,32.86079661035411,0.009936637753395983,0.055444617314824425,0.005988018670001038,4.441179907502799,17.764719630011196,3.943295593242493,20.063597743043225,40.12719548608645,35.22009565755103,0.0,0.0,61.83521070934014,97.05530636689116,2.896491449016459,4.5462748771859545,3.7123654685335867,261.437908496732,6.089180223181786,24.356720892727143,6.089180223181786,24.356720892727143,-72.69858547416402,-72.69858547416402
15.0,0.054210526315789466,131.44318644141643,32.86079661035411,0.009936637753395983,0.055444617314824425,0.005988018670001038,4.441179907502799,17.764719630011196,3.943295593242493,20.063597743043225,40.12719548608645,35.22009565755103,0.0,0.0,61.83521070934014,97.05530636689116,3.3521193174010704,5.261419239889362,3.7123654685335867,261.437908496732,6.089180223181786,24.356720892727143,6.089180223181786,24.356720892727143,-72.69858547416402,-72.69858547416402
15.0,0.061578947368421046,131.44318644141643,32.86079661035411,0.009936637753395983,0.055444617314824425,0.005988018670001038,4.441179907502799,17.764719630011196,3.943295593242493,20.063597743043225,40.12719548608645,35.22009565755103,0.0,0.0,61.83521070934014,97.05530636689116,3.807747185785682,5.976563602592771,3.7123654685335867,261.437908496732,6.089180223181786,24.356720892727143,6.089180223181786,24.356720892727143,-72.69858547416402,-72.69858547416402
15.0,0.06894736842105262,131.44318644141643,32.86079661035411,0.009936637753395983,0.055444617314824425,0.005988018670001038,4.441179907502799,17.764719630011196,3.943295593242493,20.063597743043225,40.12719548608645,35.22009565755103,0.0,0.0,61.83521070934014,97.05530636689116,4.263375054170293,6.691707965296179,3.7123654685335867,261.437908496732,6.089180223181786,24.356720892727143,6.089180223181786,24.356720892727143,-72.69858547416402,-72.69858547416402
15.0,0.0763157894736842,131.44318644141643,32.86079661035411,0.009936637753395983,0.055444617314824425,0.005988018670001038,4.441179907502799,17.764719630011196,3.943295593242493,20.063597743043225,40.12719548608645,35.22009565755103,0.0,0.0,61.83521070934014,97.05530636689116,4.719002922554904,7.406852327999587,3.7123654685335867,261.437908496732,6.089180223181786,24.356720892727143,6.089180223181786,24.356720892727143,-72.69858547416402,-72.69858547416402
15.0,0.08368421052631578,131.44318644141643,32.86079661035411,0.009936637753395983,0.055444617314824425,0.005988018670001038,4.441179907502799,17.764719630011196,3.943295593242493,20.063597743043225,40.12719548608645,35.22009565755103,0.0,0.0,61.83521070934014,97.05530636689116,5.174630790939516,8.121996690702996,3.7123654685335867,261.437908496732,6.089180223181786,24.356720892727143,6.089180223181786,24.356720892727143,-72.69858547416402,-72.69858547416402
15.0,0.09105263157894736,131.44318644141643,32.86079661035411,0.009936637753395983,0.055444617314824425,0.005988018670001038,4.441179907502799,17.764719630011196,3.943295593242493,20.063597743043225,40.12719548608645,35.22009565755103,0.0,0.0,61.83521070934014,97.05530636689116,5.630258659324127,8.837141053406404,3.7123654685335867,261.437908496732,6.089180223181786,24.356720892727143,6.089180223181786,24.356720892727143,-72.69858547416402,-72.69858547416402
15.0,0.09842105263157892,131.44318644141643,32.86079661035411,0.009936637753395983,0.055444617314824425,0.005988018670001038,4.441179907502799,17.764719630011196,3.943295593242493,20.063597743043225,40.12719548608645,35.22009565755103,0.0,0.0,61.83521070934014,97.05530636689116,6.085886527708738,9.552285416109811,3.7123654685335867,261.437908496732,6.089180223181786,24.356720892727143,6.089180223181786,24.356720892727143,-72.69858547416402,-72.69858547416402
15.0,0.1057894736842105,131.44318644141643,32.86079661035411,0.009936637753395983,0.055444617314824425,0.005988018670001038,4.441179907502799,17.764719630011196,3.943295593242493,20.063597743043225,40.12719548608645,35.22009565755103,0.0,0.0,61.83521070934014,97.05530636689116,6.54151439609335,10.26742977881322,3.7123654685335867,261.437908496732,6.089180223181786,24.356720892727143,6.089180223181786,24.356720892727143,-72.69858547416402,-72.69858547416402
15.0,0.11315789473684208,131.44318644141643,32.86079661035411,0.009936637753395983,0.055444617314824425,0.005988018670001038,4.441179907502799,17.764719630011196,3.943295593242493,20.063597743043225,40.12719548608645,35.22009565755103,0.0,0.0,61.83521070934014,97.05530636689116,6.9971422644779615,10.98257414151663,3.7123654685335867,261.437908496732,6.089180223181786,24.356720892727143,6.089180223181786,24.356720892727143,-72.69858547416402,-72.69858547416402
15.0,0.12052631578947366,131.44318644141643,32.86079661035411,0.009936637753395983,0.055444617314824425,0.005988018670001038,4.441179907502799,17.764719630011196,3.943295593242493,20.063597743043225,40.12719548608645,35.22009565755103,0.0,0.0,61.83521070934014,97.05530636689116,7.4527701328625735,11.697718504220038,3.7123654685335867,261.437908496732,6.089180223181786,24.356720892727143,6.089180223181786,24.356720892727143,-72.69858547416402,-72.69858547416402
15.0,0.12789473684210526,131.44318644141643,32.86079661035411,0.009936637753395983,0.055444617314824425,0.005988018670001038,4.441179907502799,17.764719630011196,3.943295593242493,20.063597743043225,40.12719548608645,35.22009565755103,0.0,0.0,61.83521070934014,97.05530636689116,7.9083980012471855,12.412862866923447,3.7123654685335867,261.437908496732,6.089180223181786,24.356720892727143,6.089180223181786,24.356720892727143,-72.69858547416402,-72.69858547416402
15.0,0.13526315789473684,131.44318644141643,32.86079661035411,0.009936637753395983,0.055444617314824425,0.005988018670001038,4.441179907502799,17.764719630011196,3.943295593242493,20.063597743043225,40.12719548608645,35.22009565755103,0.0,0.0,61.83521070934014,97.05530636689116,8.364025869631798,13.128007229626856,3.7123654685335867,261.437908496732,6.089180223181786,24.356720892727143,6.089180223181786,24.356720892727143,-72.69858547416402,-72.69858547416402
15.0,0.14263157894736841,131.44318644141643,32.86079661035411,0.009936637753395983,0.055444617314824425,0.005988018670001038,4.441179907502799,17.764719630011196,3.943295593242493,20.063597743043225,40.12719548608645,35.22009565755103,0.0,0.0,61.83521070934014,97.05530636689116,8.81965373801641,13.843151592330265,3.7123654685335867,261.437908496732,6.089180223181786,24.356720892727143,6.089180223181786,24.356720892727143,-72.69858547416402,-72.69858547416402
15.0,0.15,131.44318644141643,32.86079661035411,0.009936637753395983,0.055444617314824425,0.005988018670001038,4.441179907502799,17.764719630011196,3.943295593242493,20.063597743043225,40.12719548608645,35.22009565755103,0.0,0.0,61.83521070934014,97.05530636689116,9.27528160640102,14.558295955033673,3.7123654685335867,261.437908496732,6.089180223181786,24.356720892727143,6.089180223181786,24.356720892727143,-72.69858547416402,-72.69858547416402
